[{
  "Name": "c++",
  "Theme": "EPICtHEME",
  "Flags": 7,
  "Id": 3,
  "KeyWords0": "alignas alignof and and_eq asm auto bitand bitor bool break case catch char char16_t char32_t class compl const const_cast constexpr continue decltype default delete do double dynamic_cast else enum explicit export extern false float for friend goto if inline int long mutable namespace new noexcept not not_eq nullptr operator or or_eq private protected public register reinterpret_cast return short signed sizeof static static_assert static_cast struct switch template this thread_local throw true try typedef typeid typename union unsigned using virtual void volatile wchar_t while xor xor_eq final override",
  "KeyWords1": "abstract boolean break byte case catch char class const continue debugger default delete do double else enum export extends final finally float for function goto if implements import in instanceof int interface long native new package private protected public return short static super switch synchronized this throw throws transient try typeof var void volatile while with",
  "KeyWords2": "a addindex addtogroup anchor arg attention author b brief bug c callergraph callgraph category class code cond copybrief copydetails copydoc date def defgroup deprecated details dir dontinclude dot dotfile e else elseif em endcode endcond enddot endhtmlonly endif endlatexonly endlink endmanonly endmsc endverbatim endxmlonly enum example exception extends file fn headerfile hideinitializer htmlinclude htmlonly if ifnot image implements include includelineno ingroup interface internal invariant latexonly li line link mainpage manonly memberof msc n name namespace nosubgrouping note overload p package page par paragraph param post pre private privatesection property protected protectedsection protocol public publicsection ref relates relatesalso remarks return retval sa section see showinitializer since skip skipline struct subpage subsection subsubsection test throw todo tparam typedef union until var verbatim verbinclude version warning weakgroup xmlonly xrefitem",
  "KeyWords3": "",
  "KeyWords4": "",
  "Extensions": "*.cxx;*.hpp;*.cc;*.h;*.c;*.cpp;*.l;*.y;*.c++;*.hh;*.ipp;*.hxx;*.h++;*.ino",
  "Properties": [{
    "Id": -4,
    "Name": "Whitespace",
    "Flags": 2,
    "Alpha": 50,
    "Face": "",
    "Colour": "#A51D2D",
    "BgColour": "#272822",
    "Size": 16
   }, {
    "Id": -3,
    "Name": "Caret Colour",
    "Flags": 2,
    "Alpha": 50,
    "Face": "",
    "Colour": "rgb(255, 128, 0)",
    "BgColour": "#272822",
    "Size": 16
   }, {
    "Id": -2,
    "Name": "Text Selection",
    "Flags": 2,
    "Alpha": 50,
    "Face": "",
    "Colour": "#404040",
    "BgColour": "#CC9900",
    "Size": 16
   }, {
    "Id": -1,
    "Name": "Fold Margin",
    "Flags": 2,
    "Alpha": 50,
    "Face": "",
    "Colour": "#3C3D38",
    "BgColour": "#3C3D38",
    "Size": 16
   }, {
    "Id": 0,
    "Name": "Default",
    "Flags": 2,
    "Alpha": 50,
    "Face": "",
    "Colour": "#52534E",
    "BgColour": "#272822",
    "Size": 16
   }, {
    "Id": 1,
    "Name": "Common C style comment",
    "Flags": 2,
    "Alpha": 50,
    "Face": "",
    "Colour": "#74715E",
    "BgColour": "#272822",
    "Size": 16
   }, {
    "Id": 2,
    "Name": "Common C++ style comment",
    "Flags": 2,
    "Alpha": 50,
    "Face": "",
    "Colour": "#74715E",
    "BgColour": "#272822",
    "Size": 16
   }, {
    "Id": 3,
    "Name": "Doxygen C style comment",
    "Flags": 2,
    "Alpha": 50,
    "Face": "",
    "Colour": "#74715E",
    "BgColour": "#272822",
    "Size": 16
   }, {
    "Id": 4,
    "Name": "Number",
    "Flags": 2,
    "Alpha": 50,
    "Face": "",
    "Colour": "#AE81FF",
    "BgColour": "#272822",
    "Size": 16
   }, {
    "Id": 5,
    "Name": "C++ keyword",
    "Flags": 2,
    "Alpha": 50,
    "Face": "",
    "Colour": "#F92772",
    "BgColour": "#272822",
    "Size": 16
   }, {
    "Id": 6,
    "Name": "String",
    "Flags": 2,
    "Alpha": 50,
    "Face": "",
    "Colour": "#E6DA74",
    "BgColour": "#272822",
    "Size": 16
   }, {
    "Id": 7,
    "Name": "Character",
    "Flags": 2,
    "Alpha": 50,
    "Face": "",
    "Colour": "#E6DA74",
    "BgColour": "#272822",
    "Size": 16
   }, {
    "Id": 8,
    "Name": "Uuid",
    "Flags": 2,
    "Alpha": 50,
    "Face": "",
    "Colour": "#AE81FF",
    "BgColour": "#272822",
    "Size": 16
   }, {
    "Id": 9,
    "Name": "Preprocessor",
    "Flags": 2,
    "Alpha": 50,
    "Face": "",
    "Colour": "#C65000",
    "BgColour": "#272822",
    "Size": 16
   }, {
    "Id": 10,
    "Name": "Operator",
    "Flags": 2,
    "Alpha": 50,
    "Face": "",
    "Colour": "#DEDDDA",
    "BgColour": "#272822",
    "Size": 16
   }, {
    "Id": 11,
    "Name": "Identifier",
    "Flags": 2,
    "Alpha": 50,
    "Face": "",
    "Colour": "#C0BFBC",
    "BgColour": "#272822",
    "Size": 16
   }, {
    "Id": 12,
    "Name": "Open String",
    "Flags": 2,
    "Alpha": 50,
    "Face": "",
    "Colour": "#E6DA74",
    "BgColour": "#272822",
    "Size": 16
   }, {
    "Id": 15,
    "Name": "Doxygen C++ style comment",
    "Flags": 2,
    "Alpha": 50,
    "Face": "",
    "Colour": "#74715E",
    "BgColour": "#272822",
    "Size": 16
   }, {
    "Id": 16,
    "Name": "Workspace tags",
    "Flags": 2,
    "Alpha": 50,
    "Face": "",
    "Colour": "#A7E22E",
    "BgColour": "#272822",
    "Size": 16
   }, {
    "Id": 17,
    "Name": "Doxygen keyword",
    "Flags": 2,
    "Alpha": 50,
    "Face": "",
    "Colour": "#D9E577",
    "BgColour": "#272822",
    "Size": 16
   }, {
    "Id": 18,
    "Name": "Doxygen keyword error",
    "Flags": 2,
    "Alpha": 50,
    "Face": "",
    "Colour": "#D9E577",
    "BgColour": "#272822",
    "Size": 16
   }, {
    "Id": 19,
    "Name": "Local variables",
    "Flags": 2,
    "Alpha": 50,
    "Face": "",
    "Colour": "#5FA5D6",
    "BgColour": "#272822",
    "Size": 16
   }, {
    "Id": 33,
    "Name": "Line Numbers",
    "Flags": 2,
    "Alpha": 50,
    "Face": "",
    "Colour": "#52534E",
    "BgColour": "#272822",
    "Size": 16
   }, {
    "Id": 34,
    "Name": "Brace match",
    "Flags": 2,
    "Alpha": 50,
    "Face": "",
    "Colour": "yellow",
    "BgColour": "#272822",
    "Size": 16
   }, {
    "Id": 35,
    "Name": "Brace bad match",
    "Flags": 2,
    "Alpha": 50,
    "Face": "",
    "Colour": "red",
    "BgColour": "#272822",
    "Size": 16
   }, {
    "Id": 37,
    "Name": "Indent Guide",
    "Flags": 2,
    "Alpha": 50,
    "Face": "",
    "Colour": "#272822",
    "BgColour": "#272822",
    "Size": 16
   }, {
    "Id": 38,
    "Name": "Calltip",
    "Flags": 2,
    "Alpha": 50,
    "Face": "",
    "Colour": "#FFFFFF",
    "BgColour": "#272822",
    "Size": 16
   }]
 }]